{
    "mse": 0.39002514396395493,
    "r2": 0.403180341279622
}